insert into user_account (login_id, password, name, phone_number) values ('honey', '$2a$10$F36MOa0H6ybdaiinlSB/QuC93xiXNB1KNjY3.Qh5En42KLLIX48Bq', '이재헌', '157-398-4256');
insert into user_account (login_id, password, name, phone_number) values ('user1', '$2a$04$CuzN7RfAlbZpoymYb3yPDeqz5NPupv5oK5P.M3DFGDys4wMG3XxcC', 'Jany', '867-937-6195');
insert into user_account (login_id, password, name, phone_number) values ('user2', '$2a$04$E0l67waOq502RgqTJBf4KewMvDisGON6gOGjH9S28qbfd15bB.1Ry', 'Hall', '221-875-1707');
insert into user_account (login_id, password, name, phone_number) values ('user3', '$2a$04$XsPwXY4pscIGDcAuy6CM/OzZNBnQ3tku5CIUWcM/7TSAf6eKFg1Jy', 'Carlos', '710-871-2850');
insert into user_account (login_id, password, name, phone_number) values ('user4', '$2a$04$mbqyOU5WrasIo8p3H.cSxu4hpBIMZBP7aXB47FgO8AjhhL0NYbOY6', 'Fawn', '797-667-9914');
insert into user_account (login_id, password, name, phone_number) values ('user5', '$2a$04$9WmCBEWxTMtecxRdbVGz0OCyMpam0uLxYeywZvfUS8US1lnwHsATu', 'Suzie', '984-116-7126');
insert into user_account (login_id, password, name, phone_number) values ('user6', '$2a$04$yVLjdNDy/jR0z/eRhxEMQ.oaeKocb/Dz81m005iUBDSSD.zp/egfe', 'Kerk', '710-907-4092');
insert into user_account (login_id, password, name, phone_number) values ('user7', '$2a$04$1d4VgmQmR2Qh.RlzK/RQ1.iD7J0fk6/jQnxlJJRZoRiZvslZGQduu', 'Annora', '894-791-7145');
insert into user_account (login_id, password, name, phone_number) values ('user8', '$2a$04$7cWzhHnA3WBAAzt8Y.9N0OUwq8xp.16FTsq1FJy5/hLP.84YCLC7y', 'Martina', '854-173-0878');
insert into user_account (login_id, password, name, phone_number) values ('user9', '$2a$04$iSk2kg0yIk3NF9UjI605VOAGrwYDre.m5j0yjb5ZFlcUDxZt83MFy', 'Ibby', '605-585-1426');
insert into user_account (login_id, password, name, phone_number) values ('user10', '$2a$04$mHY8I5Z8ggABXvYQA5xCVugfMTecfHuMUDv3HzMYQJTM0kifsXOgm', 'Christophorus', '651-251-0554');

insert into manager_account(name) values('manager1');
insert into manager_account(name) values('manager2');
insert into manager_account(name) values('manager3');

insert into reservation (user_account_id, manager_account_id, reservation_date, reservation_time, memo, reservation_status) values ('honey', 1, '2023-07-01', '11:00', 'fringilla rhoncus.', 'COMP');
insert into reservation (user_account_id, manager_account_id, reservation_date, reservation_time, memo, reservation_status) values ('user8', 3, '2023-08-18', '12:00', 'Cras in purus eu magna vulputate luctus.', 'READY');
insert into reservation (user_account_id, manager_account_id, reservation_date, reservation_time, memo, reservation_status) values ('user10', 3, '2023-08-04', '10:30', 'Maecenas pulvinar lobortis est. Phasellus sit amet erat.', 'READY');
insert into reservation (user_account_id, manager_account_id, reservation_date, reservation_time, memo, reservation_status) values ('user4', 1, '2023-08-26', '10:30', 'Nulla facilisi. Cras non velit nec nisi vulputate nonummy.', 'READY');
insert into reservation (user_account_id, manager_account_id, reservation_date, reservation_time, memo, reservation_status) values ('user5', 2, '2023-07-10', '16:00', 'Suspendisse potenti. Nullam porttitor lacus at turpis.', 'READY');
insert into reservation (user_account_id, manager_account_id, reservation_date, reservation_time, memo, reservation_status) values ('user8', 3, '2023-08-18', '16:30', 'Nulla ut erat id mauris vulputate elementum.', 'READY');
insert into reservation (user_account_id, manager_account_id, reservation_date, reservation_time, memo, reservation_status) values ('user9', 3, '2023-07-06', '15:00', 'Sed vel enim sit amet nunc viverra dapibus. Nulla suscipit ligula in lacus.', 'READY');
insert into reservation (user_account_id, manager_account_id, reservation_date, reservation_time, memo, reservation_status) values ('user1', 2, '2023-07-16', '15:30', 'Morbi a ipsum.', 'READY');
insert into reservation (user_account_id, manager_account_id, reservation_date, reservation_time, memo, reservation_status) values ('user1', 1, '2023-07-04', '13:30', 'Quisque porta volutpat erat.', 'READY');
insert into reservation (user_account_id, manager_account_id, reservation_date, reservation_time, memo, reservation_status) values ('user4', 3, '2023-06-24', '14:30', 'Morbi ut odio.', 'READY');
insert into reservation (user_account_id, manager_account_id, reservation_date, reservation_time, memo, reservation_status) values ('user4', 1, '2023-08-06', '16:00', 'Nulla tellus.', 'READY');
insert into reservation (user_account_id, manager_account_id, reservation_date, reservation_time, memo, reservation_status) values ('user7', 2, '2023-07-22', '17:00', 'Praesent id massa id nisl venenatis lacinia.', 'READY');
insert into reservation (user_account_id, manager_account_id, reservation_date, reservation_time, memo, reservation_status) values ('user3', 1, '2023-07-12', '12:30', 'Maecenas ut massa quis augue luctus tincidunt.', 'READY');
insert into reservation (user_account_id, manager_account_id, reservation_date, reservation_time, memo, reservation_status) values ('user3', 3, '2023-08-19', '09:00', 'Proin leo odio, porttitor id, consequat in, consequat ut, nulla.', 'READY');
insert into reservation (user_account_id, manager_account_id, reservation_date, reservation_time, memo, reservation_status) values ('user9', 2, '2023-08-02', '13:30', 'Curabitur in libero ut massa volutpat convallis. Morbi odio odio, elementum eu, interdum eu, tincidunt in, leo.', 'READY');
insert into reservation (user_account_id, manager_account_id, reservation_date, reservation_time, memo, reservation_status) values ('user6', 1, '2023-08-06', '14:00', 'Lorem ipsum dolor sit amet, consectetuer adipiscing elit. Proin risus.', 'READY');
insert into reservation (user_account_id, manager_account_id, reservation_date, reservation_time, memo, reservation_status) values ('user7', 3, '2023-07-20', '12:30', 'In hac habitasse platea dictumst.', 'READY');
insert into reservation (user_account_id, manager_account_id, reservation_date, reservation_time, memo, reservation_status) values ('user6', 2, '2023-07-30', '09:00', 'Morbi vestibulum, velit id pretium iaculis, diam erat fermentum justo, nec condimentum neque sapien placerat ante.', 'READY');
insert into reservation (user_account_id, manager_account_id, reservation_date, reservation_time, memo, reservation_status) values ('user6', 2, '2023-08-21', '10:00', 'Donec dapibus.', 'READY');
insert into reservation (user_account_id, manager_account_id, reservation_date, reservation_time, memo, reservation_status) values ('user7', 1, '2023-08-04', '10:00', 'Integer non velit.', 'READY');
insert into reservation (user_account_id, manager_account_id, reservation_date, reservation_time, memo, reservation_status) values ('user8', 1, '2023-08-21', '11:00', 'Mauris ullamcorper purus sit amet nulla. Quisque arcu libero, rutrum ac, lobortis vel, dapibus at, diam.', 'READY');
insert into reservation (user_account_id, manager_account_id, reservation_date, reservation_time, memo, reservation_status) values ('user9', 3, '2023-08-04', '16:00', 'Donec odio justo, sollicitudin ut, suscipit a, feugiat et, eros. Vestibulum ac est lacinia nisi venenatis tristique.', 'READY');
insert into reservation (user_account_id, manager_account_id, reservation_date, reservation_time, memo, reservation_status) values ('user3', 2, '2023-08-30', '12:30', 'In quis justo. Maecenas rhoncus aliquam lacus.', 'READY');
insert into reservation (user_account_id, manager_account_id, reservation_date, reservation_time, memo, reservation_status) values ('user4', 2, '2023-07-09', '14:00', 'Sed vel enim sit amet nunc viverra dapibus. Nulla suscipit ligula in lacus.', 'READY');
insert into reservation (user_account_id, manager_account_id, reservation_date, reservation_time, memo, reservation_status) values ('user3', 3, '2023-08-23', '10:30', 'Nulla mollis molestie lorem.', 'READY');
insert into reservation (user_account_id, manager_account_id, reservation_date, reservation_time, memo, reservation_status) values ('user4', 3, '2023-07-08', '09:30', 'Curabitur convallis.', 'READY');
insert into reservation (user_account_id, manager_account_id, reservation_date, reservation_time, memo, reservation_status) values ('user8', 3, '2023-08-19', '14:30', 'Ut tellus.', 'READY');
insert into reservation (user_account_id, manager_account_id, reservation_date, reservation_time, memo, reservation_status) values ('user1', 2, '2023-06-24', '10:00', 'Proin leo odio, porttitor id, consequat in, consequat ut, nulla.', 'READY');
insert into reservation (user_account_id, manager_account_id, reservation_date, reservation_time, memo, reservation_status) values ('user4', 2, '2023-07-25', '16:00', 'Quisque id justo sit amet sapien dignissim vestibulum. Vestibulum ante ipsum primis in faucibus orci luctus et ultrices posuere cubilia Curae; Nulla dapibus dolor vel est.', 'READY');
insert into reservation (user_account_id, manager_account_id, reservation_date, reservation_time, memo, reservation_status) values ('user7', 1, '2023-07-15', '12:00', 'Fusce posuere felis sed lacus.', 'READY');
insert into reservation (user_account_id, manager_account_id, reservation_date, reservation_time, memo, reservation_status) values ('user9', 3, '2023-08-21', '10:00', 'Pellentesque viverra pede ac diam.', 'READY');
insert into reservation (user_account_id, manager_account_id, reservation_date, reservation_time, memo, reservation_status) values ('user9', 3, '2023-08-04', '14:00', 'Vestibulum ante ipsum primis in faucibus orci luctus et ultrices posuere cubilia Curae; Donec pharetra, magna vestibulum aliquet ultrices, erat tortor sollicitudin mi, sit amet lobortis sapien sapien non mi.', 'READY');
insert into reservation (user_account_id, manager_account_id, reservation_date, reservation_time, memo, reservation_status) values ('user2', 3, '2023-07-25', '13:30', 'Praesent lectus.', 'READY');
insert into reservation (user_account_id, manager_account_id, reservation_date, reservation_time, memo, reservation_status) values ('user3', 2, '2023-08-30', '13:00', 'Aliquam augue quam, sollicitudin vitae, consectetuer eget, rutrum at, lorem.', 'READY');
insert into reservation (user_account_id, manager_account_id, reservation_date, reservation_time, memo, reservation_status) values ('user7', 2, '2023-07-09', '16:30', 'Morbi vestibulum, velit id pretium iaculis, diam erat fermentum justo, nec condimentum neque sapien placerat ante. Nulla justo.', 'READY');
insert into reservation (user_account_id, manager_account_id, reservation_date, reservation_time, memo, reservation_status) values ('user6', 2, '2023-07-28', '10:00', 'Nam tristique tortor eu pede.', 'READY');
insert into reservation (user_account_id, manager_account_id, reservation_date, reservation_time, memo, reservation_status) values ('user1', 3, '2023-06-28', '16:00', 'Vivamus in felis eu sapien cursus vestibulum.', 'READY');
insert into reservation (user_account_id, manager_account_id, reservation_date, reservation_time, memo, reservation_status) values ('user9', 2, '2023-08-04', '13:00', 'Fusce congue, diam id ornare imperdiet, sapien urna pretium nisl, ut volutpat sapien arcu sed augue.', 'READY');
insert into reservation (user_account_id, manager_account_id, reservation_date, reservation_time, memo, reservation_status) values ('user1', 2, '2023-08-15', '13:00', 'Nullam varius.', 'READY');
insert into reservation (user_account_id, manager_account_id, reservation_date, reservation_time, memo, reservation_status) values ('user6', 1, '2023-08-21', '09:30', 'Praesent blandit lacinia erat. Vestibulum sed magna at nunc commodo placerat.', 'READY');
insert into reservation (user_account_id, manager_account_id, reservation_date, reservation_time, memo, reservation_status) values ('user5', 3, '2023-07-12', '16:00', 'Pellentesque at nulla. Suspendisse potenti.', 'READY');
insert into reservation (user_account_id, manager_account_id, reservation_date, reservation_time, memo, reservation_status) values ('user7', 3, '2023-06-29', '11:30', 'Etiam vel augue.', 'READY');
insert into reservation (user_account_id, manager_account_id, reservation_date, reservation_time, memo, reservation_status) values ('user6', 3, '2023-07-13', '11:30', 'Vestibulum ante ipsum primis in faucibus orci luctus et ultrices posuere cubilia Curae; Mauris viverra diam vitae quam.', 'READY');
insert into reservation (user_account_id, manager_account_id, reservation_date, reservation_time, memo, reservation_status) values ('user7', 2, '2023-08-22', '11:30', 'In congue.', 'READY');
insert into reservation (user_account_id, manager_account_id, reservation_date, reservation_time, memo, reservation_status) values ('user5', 3, '2023-08-21', '17:30', 'Sed accumsan felis. Ut at dolor quis odio consequat varius.', 'READY');
insert into reservation (user_account_id, manager_account_id, reservation_date, reservation_time, memo, reservation_status) values ('user2', 1, '2023-08-17', '12:00', 'Nam ultrices, libero non mattis pulvinar, nulla pede ullamcorper augue, a suscipit nulla elit ac nulla. Sed vel enim sit amet nunc viverra dapibus.', 'READY');
insert into reservation (user_account_id, manager_account_id, reservation_date, reservation_time, memo, reservation_status) values ('user9', 2, '2023-07-30', '09:30', 'Cum sociis natoque penatibus et magnis dis parturient montes, nascetur ridiculus mus.', 'READY');
insert into reservation (user_account_id, manager_account_id, reservation_date, reservation_time, memo, reservation_status) values ('user2', 3, '2023-07-27', '16:00', 'Sed vel enim sit amet nunc viverra dapibus.', 'READY');
insert into reservation (user_account_id, manager_account_id, reservation_date, reservation_time, memo, reservation_status) values ('user9', 3, '2023-08-08', '13:00', 'Nullam sit amet turpis elementum ligula vehicula consequat.', 'READY');
insert into reservation (user_account_id, manager_account_id, reservation_date, reservation_time, memo, reservation_status) values ('user5', 3, '2023-08-08', '16:30', 'Proin interdum mauris non ligula pellentesque ultrices. Phasellus id sapien in sapien iaculis congue.', 'READY');
insert into reservation (user_account_id, manager_account_id, reservation_date, reservation_time, memo, reservation_status) values ('user9', 2, '2023-07-25', '10:00', 'In eleifend quam a odio.', 'READY');
insert into reservation (user_account_id, manager_account_id, reservation_date, reservation_time, memo, reservation_status) values ('user6', 3, '2023-07-09', '15:30', 'Etiam justo.', 'READY');
insert into reservation (user_account_id, manager_account_id, reservation_date, reservation_time, memo, reservation_status) values ('user9', 3, '2023-08-26', '16:30', 'Donec dapibus.', 'READY');
insert into reservation (user_account_id, manager_account_id, reservation_date, reservation_time, memo, reservation_status) values ('user3', 3, '2023-06-25', '09:00', 'Curabitur convallis. Duis consequat dui nec nisi volutpat eleifend.', 'READY');
insert into reservation (user_account_id, manager_account_id, reservation_date, reservation_time, memo, reservation_status) values ('user8', 3, '2023-08-30', '16:00', 'In hac habitasse platea dictumst.', 'READY');
insert into reservation (user_account_id, manager_account_id, reservation_date, reservation_time, memo, reservation_status) values ('user5', 3, '2023-08-13', '13:30', 'In eleifend quam a odio.', 'READY');
insert into reservation (user_account_id, manager_account_id, reservation_date, reservation_time, memo, reservation_status) values ('user1', 1, '2023-07-05', '14:00', 'Suspendisse potenti.', 'READY');
insert into reservation (user_account_id, manager_account_id, reservation_date, reservation_time, memo, reservation_status) values ('user2', 3, '2023-08-27', '13:30', 'In est risus, auctor sed, tristique in, tempus sit amet, sem. Fusce consequat.', 'READY');
insert into reservation (user_account_id, manager_account_id, reservation_date, reservation_time, memo, reservation_status) values ('user10', 3, '2023-08-21', '17:30', 'Sed sagittis.', 'READY');
insert into reservation (user_account_id, manager_account_id, reservation_date, reservation_time, memo, reservation_status) values ('user7', 2, '2023-08-02', '10:00', 'Nulla facilisi.', 'READY');
insert into reservation (user_account_id, manager_account_id, reservation_date, reservation_time, memo, reservation_status) values ('user4', 1, '2023-07-01', '10:00', 'Vestibulum rutrum rutrum neque. Aenean auctor gravida sem.', 'READY');
insert into reservation (user_account_id, manager_account_id, reservation_date, reservation_time, memo, reservation_status) values ('user10', 1, '2023-07-28', '17:00', 'Mauris sit amet eros. Suspendisse accumsan tortor quis turpis.', 'READY');
insert into reservation (user_account_id, manager_account_id, reservation_date, reservation_time, memo, reservation_status) values ('user2', 1, '2023-08-15', '16:00', 'Donec dapibus. Duis at velit eu est congue elementum.', 'READY');
insert into reservation (user_account_id, manager_account_id, reservation_date, reservation_time, memo, reservation_status) values ('user6', 2, '2023-07-24', '15:30', 'Cras non velit nec nisi vulputate nonummy. Maecenas tincidunt lacus at velit.', 'READY');
insert into reservation (user_account_id, manager_account_id, reservation_date, reservation_time, memo, reservation_status) values ('user1', 3, '2023-08-29', '13:30', 'Curabitur at ipsum ac tellus semper interdum. Mauris ullamcorper purus sit amet nulla.', 'READY');
insert into reservation (user_account_id, manager_account_id, reservation_date, reservation_time, memo, reservation_status) values ('user8', 1, '2023-07-18', '14:30', 'Cum sociis natoque penatibus et magnis dis parturient montes, nascetur ridiculus mus. Etiam vel augue.', 'READY');
insert into reservation (user_account_id, manager_account_id, reservation_date, reservation_time, memo, reservation_status) values ('user8', 3, '2023-08-19', '14:30', 'Suspendisse potenti. In eleifend quam a odio.', 'READY');
insert into reservation (user_account_id, manager_account_id, reservation_date, reservation_time, memo, reservation_status) values ('user5', 1, '2023-07-20', '14:00', 'Curabitur gravida nisi at nibh. In hac habitasse platea dictumst.', 'READY');
insert into reservation (user_account_id, manager_account_id, reservation_date, reservation_time, memo, reservation_status) values ('user9', 1, '2023-07-06', '12:30', 'Nulla tellus. In sagittis dui vel nisl.', 'READY');
insert into reservation (user_account_id, manager_account_id, reservation_date, reservation_time, memo, reservation_status) values ('user6', 3, '2023-07-20', '13:00', 'Nullam molestie nibh in lectus. Pellentesque at nulla.', 'READY');
insert into reservation (user_account_id, manager_account_id, reservation_date, reservation_time, memo, reservation_status) values ('user6', 3, '2023-08-06', '14:00', 'Phasellus in felis. Donec semper sapien a libero.', 'READY');
insert into reservation (user_account_id, manager_account_id, reservation_date, reservation_time, memo, reservation_status) values ('user2', 2, '2023-08-08', '09:00', 'Morbi quis tortor id nulla ultrices aliquet.', 'READY');
insert into reservation (user_account_id, manager_account_id, reservation_date, reservation_time, memo, reservation_status) values ('user9', 3, '2023-08-19', '17:30', 'Phasellus id sapien in sapien iaculis congue.', 'READY');
insert into reservation (user_account_id, manager_account_id, reservation_date, reservation_time, memo, reservation_status) values ('user4', 1, '2023-08-11', '09:30', 'Nam nulla.', 'READY');
insert into reservation (user_account_id, manager_account_id, reservation_date, reservation_time, memo, reservation_status) values ('user2', 2, '2023-06-25', '10:30', 'Aliquam augue quam, sollicitudin vitae, consectetuer eget, rutrum at, lorem.', 'READY');
insert into reservation (user_account_id, manager_account_id, reservation_date, reservation_time, memo, reservation_status) values ('user10', 2, '2023-08-05', '11:30', 'Sed vel enim sit amet nunc viverra dapibus.', 'READY');
insert into reservation (user_account_id, manager_account_id, reservation_date, reservation_time, memo, reservation_status) values ('user4', 2, '2023-08-26', '15:30', 'Maecenas leo odio, condimentum id, luctus nec, molestie sed, justo.', 'READY');
insert into reservation (user_account_id, manager_account_id, reservation_date, reservation_time, memo, reservation_status) values ('user3', 1, '2023-08-08', '11:30', 'Nulla mollis molestie lorem. Quisque ut erat.', 'READY');
insert into reservation (user_account_id, manager_account_id, reservation_date, reservation_time, memo, reservation_status) values ('user4', 3, '2023-06-26', '13:00', 'Suspendisse potenti. Nullam porttitor lacus at turpis.', 'READY');
insert into reservation (user_account_id, manager_account_id, reservation_date, reservation_time, memo, reservation_status) values ('user10', 1, '2023-08-18', '11:00', 'Aenean sit amet justo.', 'READY');
insert into reservation (user_account_id, manager_account_id, reservation_date, reservation_time, memo, reservation_status) values ('user9', 2, '2023-07-02', '17:30', 'Morbi vestibulum, velit id pretium iaculis, diam erat fermentum justo, nec condimentum neque sapien placerat ante. Nulla justo.', 'READY');
insert into reservation (user_account_id, manager_account_id, reservation_date, reservation_time, memo, reservation_status) values ('user8', 3, '2023-08-07', '12:00', 'Morbi porttitor lorem id ligula.', 'READY');
insert into reservation (user_account_id, manager_account_id, reservation_date, reservation_time, memo, reservation_status) values ('user9', 3, '2023-08-16', '12:00', 'Nunc rhoncus dui vel sem.', 'READY');
insert into reservation (user_account_id, manager_account_id, reservation_date, reservation_time, memo, reservation_status) values ('user3', 1, '2023-08-20', '13:00', 'Vivamus vestibulum sagittis sapien. Cum sociis natoque penatibus et magnis dis parturient montes, nascetur ridiculus mus.', 'READY');
insert into reservation (user_account_id, manager_account_id, reservation_date, reservation_time, memo, reservation_status) values ('user5', 3, '2023-06-24', '10:30', 'Cum sociis natoque penatibus et magnis dis parturient montes, nascetur ridiculus mus.', 'READY');
insert into reservation (user_account_id, manager_account_id, reservation_date, reservation_time, memo, reservation_status) values ('user2', 1, '2023-08-29', '10:30', 'Vivamus in felis eu sapien cursus vestibulum. Proin eu mi.', 'READY');
insert into reservation (user_account_id, manager_account_id, reservation_date, reservation_time, memo, reservation_status) values ('user1', 1, '2023-08-19', '14:00', 'Maecenas ut massa quis augue luctus tincidunt. Nulla mollis molestie lorem.', 'READY');
insert into reservation (user_account_id, manager_account_id, reservation_date, reservation_time, memo, reservation_status) values ('user1', 3, '2023-08-17', '16:00', 'Donec ut mauris eget massa tempor convallis.', 'READY');
insert into reservation (user_account_id, manager_account_id, reservation_date, reservation_time, memo, reservation_status) values ('user10', 1, '2023-08-08', '12:00', 'Curabitur gravida nisi at nibh. In hac habitasse platea dictumst.', 'READY');
insert into reservation (user_account_id, manager_account_id, reservation_date, reservation_time, memo, reservation_status) values ('user9', 2, '2023-07-22', '16:00', 'Nulla mollis molestie lorem. Quisque ut erat.', 'READY');
insert into reservation (user_account_id, manager_account_id, reservation_date, reservation_time, memo, reservation_status) values ('user3', 2, '2023-07-22', '09:00', 'Donec semper sapien a libero.', 'READY');
insert into reservation (user_account_id, manager_account_id, reservation_date, reservation_time, memo, reservation_status) values ('user2', 1, '2023-08-11', '09:00', 'Quisque erat eros, viverra eget, congue eget, semper rutrum, nulla.', 'READY');
insert into reservation (user_account_id, manager_account_id, reservation_date, reservation_time, memo, reservation_status) values ('user7', 3, '2023-06-30', '13:00', 'Quisque porta volutpat erat. Quisque erat eros, viverra eget, congue eget, semper rutrum, nulla.', 'READY');
insert into reservation (user_account_id, manager_account_id, reservation_date, reservation_time, memo, reservation_status) values ('user10', 3, '2023-08-06', '10:30', 'Proin risus.', 'READY');
insert into reservation (user_account_id, manager_account_id, reservation_date, reservation_time, memo, reservation_status) values ('user5', 2, '2023-07-30', '13:00', 'Maecenas leo odio, condimentum id, luctus nec, molestie sed, justo. Pellentesque viverra pede ac diam.', 'READY');
insert into reservation (user_account_id, manager_account_id, reservation_date, reservation_time, memo, reservation_status) values ('user7', 1, '2023-07-17', '16:30', 'Mauris enim leo, rhoncus sed, vestibulum sit amet, cursus id, turpis.', 'READY');
insert into reservation (user_account_id, manager_account_id, reservation_date, reservation_time, memo, reservation_status) values ('user10', 3, '2023-07-07', '12:00', 'Pellentesque eget nunc. Donec quis orci eget orci vehicula condimentum.', 'READY');
insert into reservation (user_account_id, manager_account_id, reservation_date, reservation_time, memo, reservation_status) values ('user2', 3, '2023-07-02', '12:30', 'Duis ac nibh. Fusce lacus purus, aliquet at, feugiat non, pretium quis, lectus.', 'READY');
insert into reservation (user_account_id, manager_account_id, reservation_date, reservation_time, memo, reservation_status) values ('user10', 1, '2023-07-21', '15:00', 'Phasellus in felis.', 'READY');
insert into reservation (user_account_id, manager_account_id, reservation_date, reservation_time, memo, reservation_status) values ('user6', 1, '2023-08-20', '13:00', 'Integer ac leo.', 'READY');
insert into reservation (user_account_id, manager_account_id, reservation_date, reservation_time, memo, reservation_status) values ('user3', 3, '2023-07-15', '11:00', 'Donec ut dolor. Morbi vel lectus in quam fringilla rhoncus.', 'READY');
